x_m,y_m,s_m,psi_rad,kappa_radpm,vx_mps,ax_mps2
11.0613,15.7357,0.0,0.9315096746175304,0.10266508611953332,8.3840094832828,0.0
11.5313,16.3679,0.7877669960083372,1.017790777335252,0.08438522706014139,8.493688637639151,0.13922791245647817
12.0001,17.1274,1.6802991746999538,0.9451104364739558,0.08173724537592902,8.509576527744425,0.01780091573680241
12.486,17.7999,2.5099708326466383,1.0150700140769469,0.08988042018493246,8.460717478890405,-0.05888962023234429
12.9512,18.549,3.391765508293978,0.9379765208457574,0.07972237500645081,8.521665749961295,0.06911843851421177
13.444,19.2209,4.22501304054355,1.0062973038524603,0.09070035172650893,8.455797889640946,-0.07904957143109843
13.915,19.9647,5.105399001358464,0.9285426385511558,0.07667854817006416,8.539928710979614,0.09556129366351328
14.4144,20.6323,5.9391196500172345,0.9942639289185548,0.10728168722876365,8.356309876627417,-0.22024023831914183
14.8942,21.3702,6.819292615973358,0.9023580585712273,0.020088401604673848,8.879469590371956,0.5943828474398047
15.4102,22.0236,7.651871477103039,0.919621291224277,0.2027505588266701,7.783496647039979,-1.316359319818558
15.9473,22.7284,8.537997568582126,0.7449118243098339,0.14493699203475707,8.130378047791458,0.39145828577564834
16.5612,23.2945,9.373067876999325,0.6196501999866622,0.14628557569036177,8.122286545857829,-0.009689605596163381
17.2876,23.8127,10.265361662699979,0.48975067749956264,0.09680763324000546,8.419154200559968,0.33270169473278344
18.0663,24.2278,11.147791093306186,0.5667941371313002,0.21358056570572498,7.71851660576565,-0.7939871115959912
18.6643,24.6084,11.856635476792437,0.4157864710733657,0.02190933792814904,8.868543972431105,1.6223975155299517
19.3082,24.8927,12.560505990452443,0.4309243416825715,0.23195705718202217,7.608257656907867,-1.7905087527675605
19.9242,25.1759,13.238486993136146,0.26739271023993805,0.19634421719286346,7.821934696842819,0.3151667068680952
20.6287,25.3689,13.968945239718385,0.13028599035510102,0.16151508318367216,8.030909500897966,0.2860872678663361
21.2881,25.4553,14.63398156955308,0.24038978520385182,0.27904421468464635,7.325734711892122,-1.0603552879300984
21.9657,25.6214,15.331642640561057,0.04659611391600285,0.21211117365003745,7.727332958099775,0.5756351656936033
22.6541,25.6535,16.020790643532845,0.19521619283489575,0.2340930317611913,7.595441809432852,-0.19138290773269806
23.3515,25.7914,16.73169371006161,0.031467312953186215,0.06563440904557935,8.606193545726525,1.4217855905855412
24.0377,25.813,17.418233585087087,-0.01410363809615134,0.10521751551669102,8.368694906899854,-0.34593568045535095
24.7396,25.8031,18.120203399252908,0.05980882337952813,0.20158935800065417,7.7904638519960745,-0.8237263814412236
25.441,25.8451,18.822859759076113,-0.07992929057784515,0.027989893054948742,8.832060641670308,1.4823701160782337
26.1214,25.7906,19.505438992572124,-0.09925544114994586,0.02054994302051944,8.876700341876884,0.06539856183133703
26.8163,25.7214,20.203776053023592,-0.11360080955756878,0.1485067392068688,8.108959564758788,-1.09938426670605
27.5096,25.6423,20.90157380309162,-0.009879403654810002,0.15696032098676935,8.058238074079384,-0.07268795388700994
28.208,25.6354,21.600007887311452,-0.11928605336456372,0.1702274101468625,7.978635539118825,-0.11397286695920163
28.898,25.5527,22.29494622270532,-0.00042814325912970996,0.022598652018579336,8.864408087888524,1.27460596668289
29.5987,25.5524,22.99564628692681,0.015457568927035214,0.04213442899878292,8.747193426007302,-0.16728221940646365
30.3038,25.5633,23.70083053235491,0.04480260441808144,0.11433973518757681,8.31396158887454,-0.6143526885938269
30.9908,25.5941,24.388520607897668,-0.0343354515282209,0.208963397682788,7.746219613903272,-0.8255782585246386
31.6866,25.5702,25.08473095685838,0.11385895050952174,0.05494576017788007,8.67032543893272,1.3273370992099347
32.4028,25.6521,25.805598524446214,0.07669903860228612,0.07141587433983879,8.571504753960967,-0.13708576916898293
33.0326,25.7005,26.4372555516374,0.029861632855757377,0.10371059530744166,8.37773642815535,-0.3067619253240244
33.7122,25.7208,27.117158669735854,0.10196611423206771,0.12589084237344142,8.24465494575935,-0.19573594951027742
34.4188,25.7931,27.827447941793366,0.18876749433073775,0.021503242447306135,8.870980545316163,0.8817894683141141
35.0752,25.9185,28.49571893472962,0.17409028173943822,0.16235591453243556,8.025864512805386,-1.2646307283180143
35.7615,26.0392,29.19255189893266,0.2848497836683083,0.11948572621964511,8.28308564268213,0.3691288200909446
36.4015,26.2266,29.859424270530106,0.20149014393858522,0.175623501397041,7.9462589916177535,-0.5050841291528265
37.1148,26.3723,30.587452690305053,0.3320938625349607,0.031930217912980875,8.808418692522114,1.1842390729346481
37.8316,26.6195,31.34568094089982,0.35686790544200214,0.13775538797338924,8.173467672159665,-0.8374140898395488
38.5751,26.8967,32.13917453885761,0.4660237077198665,0.05341707657776977,8.679497540533381,0.6377239459474924
39.2813,27.2519,32.929671521774054,0.4207376764704946,0.10704974435332226,8.357701533880066,-0.40708062599567074
40.1073,27.6215,33.83459149613643,0.51626809956356,0.10170308336355637,8.389781499818662,0.035450610935182696
40.8719,28.0555,34.7137781429868,0.6068154358457415,0.013384165685427088,8.919695005887437,0.6027315223305083
41.6119,28.5692,35.614604258283194,0.6190451811732685,0.14883837971361974,8.106969721718281,-0.9021999588696948
42.3666,29.1069,36.54126135775419,0.7532346429510159,0.014463479748339931,8.913219121509961,0.8700622919221667
43.005,29.7055,37.41640507166637,0.7400085494754575,0.046898296565580345,8.718610220606518,-0.22237364881874913
43.7093,30.3486,38.37014303358253,0.7836863692399947,0.1002377346109365,8.398573592334381,-0.3355603331853844
44.353,30.9901,39.27891800022719,0.8741867578749487,0.04976967682242205,8.701381939065469,0.3332049823611469
44.9281,31.6776,40.17524174754175,0.8285411871091447,0.008090017225364201,8.951459896647815,0.27900405219832364
45.562,32.3687,41.11303086029578,0.8361095225888935,0.00701868737285567,8.957887875762866,0.006854397249477063
46.1876,33.0612,42.046268027365336,0.8295269010607438,0.051927710645950705,8.688433736124296,-0.2887306133388143
46.824,33.7564,42.988768955746835,0.8772587704534145,0.10136169978458301,8.391829801292502,-0.3146988251153598
47.3966,34.4452,43.88449000607445,0.7857089636982405,0.06411774739837163,8.61529351560977,0.24947913665257057
48.0399,35.0889,44.79453647741534,0.7266958920284868,0.1278364580501505,8.232981251699098,-0.42010191341916947
48.7353,35.7071,45.72499464412677,0.6065927203103084,0.1576221267622715,8.054267239426371,-0.1920709803691294
49.5137,36.2472,46.67241987600525,0.4599206745108783,0.23871998537060787,7.567680087776353,-0.5135889728050101
50.3309,36.652,47.58438417355204,0.2460300419830227,0.17172349949289295,7.969659003042642,0.44078361000274313
51.1811,36.8655,48.460981167614875,0.11365092543269004,0.10645774434423377,8.361253533934597,0.4467212796121969
51.8408,36.9408,49.12496473668869,0.043651122312698805,0.6826362377870213,4.904182573277872,-5.206561007946282
52.491,36.9692,49.77578468106655,-0.3830254221021065,0.011573159734057425,8.930561041595656,6.186624277728217
53.038,36.7488,50.36551780714986,-0.3757623149186112,0.4698190320799537,6.181085807520278,-4.662236378573327
53.657,36.5046,51.03094597006453,-0.7283783106806865,0.23774652133090488,7.573520872014571,2.092540024749215
54.2746,35.9537,51.858545251117874,-0.92033743447099,0.31885989866091513,7.086840608034509,-0.5880626954637135
54.7498,35.3292,52.64328424594354,-1.1619305729901566,0.24326561594962137,7.540406304302271,0.5779828697929352
55.0388,34.6622,53.37020239814501,-1.3402030289402416,0.1485795574863508,8.108522655081895,0.7815410153936648
55.2072,33.9449,54.10700484792378,-1.4504306727868959,0.06714873774980715,8.597107573501157,0.663115219779687
55.2968,33.2041,54.85320374902187,-1.5008561923156587,0.007054099455985396,8.957675403264087,0.48320605837441766
55.3496,32.4504,55.60875092160608,-1.4955272165716704,0.0789468544684319,8.526318873189409,-0.5709193889235319
55.4064,31.6972,56.36408957413222,-1.4365619574602664,0.1639014425409401,8.01659134475436,-0.6748331052969743
55.5052,30.9656,57.102330727143894,-1.3135059925577761,0.11628876830321207,8.302267390180727,0.3869684645199544
55.6992,30.2283,57.86472648395265,-1.2253606862425914,0.46790495579098873,6.1925702652540675,-2.7671942112551196
55.9542,29.5197,58.617812773829186,-0.8669696574871809,0.2660045710731648,7.403972573561012,1.6085836704125207
56.4529,28.9322,59.388434561738144,-0.6514121493260862,0.39410948047326577,6.635343117160406,-0.9974146442008109
57.1264,28.4187,60.23536106386214,-0.350571569704614,0.3505937174513741,6.896437695291755,0.3082848127630357
57.7592,28.1873,60.90914277925668,-0.13452368199951933,0.6420599990363444,5.147640005781934,-2.5954959144087106
58.3104,28.1127,61.465368093315654,0.24957791780752017,0.22662298491908603,7.640262090485484,4.481317231885791
58.9236,28.269,62.0981744855084,0.4339154218641909,0.47021828455949805,6.178690292643012,-2.3096666150573406
59.8231,28.6858,63.08954852692768,0.881861824237388,0.11517043559033635,8.308977386457983,2.1488227498525134
60.3939,29.3789,63.9874350732129,0.980115158224756,0.12134701558771861,8.27191790647369,-0.041274123259355665
60.8437,30.0497,64.79508145622962,1.0746131739858935,0.16922304998428758,7.984661700094275,-0.3556707643590919
61.2004,30.7086,65.54433715357199,1.20007467086677,0.10759378669469953,8.354437279831803,0.4935238811651819
61.4658,31.3914,66.27690319155082,1.2783989109892926,0.06874804104984568,8.587511753700927,0.31816172438485335
61.6742,32.0837,66.99988994799936,1.3295579784178726,0.0758246988899716,8.54505180666017,-0.058728526715105485
61.857,32.8267,67.76504669011173,1.273743157283471,0.20880419065218866,7.747174856086868,-1.0427627525970748
62.0639,33.5026,68.47190482297857,1.4232319496345336,0.08977801917384585,8.461331884956925,1.0103258287113606
62.1703,34.2184,69.1955695243424,1.3566071135553979,0.08778994203928779,8.473260347764274,0.016483411150037403
62.3319,34.9613,69.95584248190436,1.2929750508185323,0.25241613733615115,7.485503175983093,-1.2992138704350702
62.5209,35.624,70.64496677403169,1.4698390874210003,0.040525255809417356,8.756848465143495,1.8448708073194608
62.5925,36.3308,71.35538411616236,1.4408956235784225,0.12112132014124204,8.273272079152548,-0.6806933858633225
62.6855,37.0427,72.07333300710098,1.5279614254312357,0.013628976085153647,8.918226143489077,0.8983286588733796
62.7163,37.7613,72.7925927654637,1.518365864715809,0.31367355051795176,7.117958696892289,-2.502944764621384
62.7524,38.4492,73.48143935215771,1.7388233236072144,0.017803426234053298,8.893179442595681,2.577091590484936
62.633,39.1531,74.19539423168442,1.7515276793841985,0.20143016849870543,7.791418989007767,-1.543179387356081
62.5048,39.8547,74.90861074859916,1.8943446320638053,0.08026038435430283,8.518437693874183,1.0193520307288744
62.2811,40.5218,75.61221866498441,1.8386239039816186,0.26252277653191786,7.424863340808493,-1.554238273332498
62.0999,41.1821,76.29692993990254,2.0189564328291247,0.09862833047527778,8.408230017148334,1.4361771338691949
61.8021,41.8015,76.98420077443576,1.9524836396720728,0.030097569275055573,8.819414584349667,0.5982860708480373
61.5561,42.4144,77.64462670518047,1.9776937780191117,0.15450079749119988,8.072995215052801,-1.130209058349951
61.1545,43.3463,78.65937798997886,2.1309518564289878,0.16168001521473485,8.029919908711591,-0.042449127176782224
60.6406,44.1657,79.62659542675304,2.285123343142598,0.12035881808290125,8.277847091502593,0.2563303486523969
60.0261,44.8744,80.56460712177608,2.39714136172805,0.07126736868705187,8.572395787877689,0.3140138848352648
59.3477,45.4994,81.48702327514721,2.4639302865339636,0.03932847672639022,8.764029139641659,0.20775151330948918
58.6064,46.096,82.43857844958535,2.427931811035344,0.07802411767640693,8.531855293941558,-0.24399409717591175
57.9419,46.6714,83.31758095811419,2.497762091700581,0.007517214792714851,8.95489671124371,0.4812744141199142
57.2136,47.218,84.22818100753216,2.4908370520705425,0.006201689878457858,8.962789860729252,0.00866807495847002
56.4722,47.7825,85.1600255278251,2.4850239983526827,0.07666946035031558,8.539983237898106,-0.4537308677827819
55.7254,48.358,86.10284602505668,2.415139090101537,0.06831411648774391,8.590115301073537,0.053172436664915945
55.0677,48.9424,86.98267137704421,2.4765118473747125,0.005680101589786003,8.965919390461284,0.42713487232301517
54.3464,49.5081,87.89934480853441,2.4712656193285274,0.004709994592634848,8.97174003244419,0.006349744394187928
53.6172,50.0862,88.82989961616263,2.4668683852582514,0.0755552699716225,8.546668380170265,-0.45679378451370967
52.8858,50.6713,89.76653613584357,2.3982081739287553,0.06913005335463016,8.58521967987222,0.04115929594020802
52.2376,51.2672,90.6470246650136,2.4604518802264663,0.0040121940498650845,8.97592683570081,0.44373906403627633
51.5229,51.8465,91.56701628454064,2.4567408664290507,0.0032225033157234867,8.98066498010566,0.005150203876081259
50.8027,52.4347,92.49689115784349,2.4537381477659195,0.07457666809249014,8.552539991445059,-0.4604113961483129
50.0813,53.0275,93.43060942370317,2.3860459507664764,0.06991614511251448,8.580503129324914,0.029948153423033818
49.4398,53.6318,94.31191569282872,2.449064579662999,0.0024779948626134996,8.98513203082432,0.4591240476490525
48.7309,54.2199,95.23300245312875,2.446771727073011,0.0020776941075336393,8.987533835354798,0.0026075768689761765
48.0169,54.815,96.1624861861763,2.444836950637178,0.0736279881010418,8.55823207139375,-0.46187119655496667
47.3014,55.4137,97.09542881034993,2.3779894036652114,0.070495581116516,8.577026513300904,0.020145335222304366
46.6639,56.024,97.97796625431478,2.4414717876978194,0.0026329391301904656,8.984202365218858,0.46136949168829916
45.9617,56.6156,98.8961576287025,2.4390288064671624,0.07368616222135103,8.557883026671893,-0.46430335814388257
45.2462,57.2214,99.83367236991994,2.3719974264624435,0.07189761152854536,8.568614330828728,0.011446544448889578
44.6131,57.8348,100.71519104243913,2.43672119018499,0.0008921732900120257,8.994646960259928,0.4832939366033955
43.9134,58.43,101.63380038813511,2.4358970069530708,0.0005473631221297209,8.996715821267221,0.0022521662957020643
43.2063,59.0325,102.5627765234583,2.435386394569581,0.07181160580779593,8.569130365153224,-0.4602760392388807
42.4936,59.6404,103.49951752288129,2.370059114278375,0.07226421576738697,8.566414705395678,-0.002899050814706932
41.8611,60.2556,104.38185945773422,2.4350614496529173,0.00015892380854883002,8.999046457148706,0.49032210151627836
41.1641,60.8505,105.29821910874468,2.435208085140912,0.00040789013989711207,8.997552659160617,-0.0016301437830033357
40.4574,61.4535,106.22721528204143,2.4355890156505837,0.07107236408546827,8.573565815487191,-0.4563924544154068
39.743,62.0626,107.16602845301848,2.370860425861342,0.07346692956660499,8.559198422600371,-0.015303782830259325
39.11,62.6773,108.04838047460625,2.436869414090854,0.0008313504235879475,8.995011897458472,0.4939224529387588
38.4135,63.2696,108.96267339265822,2.43763569907132,0.0013844340416726416,8.991693395749964,-0.0036295826457655575
37.7052,63.871,109.89185090530044,2.438929814587542,0.06991425746742856,8.580514455195429,-0.4425192548895195
36.9876,64.4787,110.83219608128637,2.3751658748818287,0.07356400556145498,8.55861596663127,-0.02328771298390325
36.3512,65.0914,111.7156021317524,2.4410566457998297,0.0008865767135937094,8.994680539718438,0.49361737205345574
35.6573,65.6765,112.62325802469863,2.440234194435611,0.07011284364554705,8.579322938126717,-0.45761571628591796
34.9333,66.288,113.57094375847328,2.3760732245391645,0.07462859755989008,8.552228414640659,-0.02859019875517179
34.2972,66.8993,114.45316306227478,2.4427805616100082,0.00037062464047260497,8.997776252157164,0.5050307056268529
33.6042,67.4816,115.35832729599151,2.442436659721792,0.06934493073204792,8.583930415607712,-0.45720524644477245
32.8766,68.0934,116.30895919110128,2.378886881073049,0.0760724929463202,8.54356504232208,-0.04246162315116961
32.239,68.7027,117.19087769640662,2.446783465465818,4.009858495579944e-06,8.999975940849026,0.5175204917249462
31.5455,69.2807,118.0936657390833,2.4467871857357073,0.06806216933420092,8.591626983994795,-0.45231985532674046
30.8136,69.8907,119.0464393795667,2.384345895921057,0.07689512662924965,8.538629240224502,-0.05562469564481642
30.1728,70.4964,119.92819735656494,2.452895097036737,5.75378863059181e-05,8.999654772682165,0.5228481561654059
29.4773,71.0689,120.82901726087434,2.4529485144567835,0.0674363825782268,8.59538170453064,-0.4487834540706054
28.7392,71.6764,121.78497116143649,2.39124937171934,0.08479337213285623,8.491239767202863,-0.10894033411709049
28.1002,72.2721,122.65857260946642,2.467675794597107,0.046915831999133566,8.718505008005199,0.260147509273072
27.3746,72.8516,123.58718211297153,2.425097635237093,0.1206544296025958,8.276073422384425,-0.4764452484610365
26.7062,73.4337,124.47352232417714,2.5333500231482464,0.06409243200247602,8.615445407985144,0.38289133372286344
25.9617,73.9521,125.38072616565931,2.5930878493097183,0.03129293348637606,8.812242399081743,0.21692698167489718
25.1454,74.4509,126.33735939213642,2.6220298727007183,0.12321014117262012,8.260739152964279,-0.5765043810452063
24.3702,74.8943,127.23040955870043,2.7330886882456205,0.11653956470648945,8.300762611761064,0.04481658510940602
23.5362,75.2553,128.13918730930837,2.831714572588638,0.18050943595990468,7.916943384240572,-0.42234663784817694
22.7904,75.4941,128.9222856939319,2.698219060685928,0.22102270989598433,7.673863740624094,-0.31040754059699976
22.1627,75.7922,129.61717482177895,2.8511939124550936,0.0685233885209555,8.588859668874267,1.3167509629702983
21.5035,75.9892,130.30518182755722,2.803817246308251,0.41081585521802844,6.535104868691829,-2.9850783246883186
20.8481,76.2194,130.9998336828056,3.093009006726831,0.005055161417522633,8.969669031494865,3.504725632572562
20.1406,76.2538,131.70816948593853,3.0896273911989574,0.22002597967680987,7.679844121939141,-1.8209229349284375
19.5119,76.2865,132.33771930922498,-3.0499796569894944,0.25294653396105377,7.482320796233678,-0.3137532859183845
18.8403,76.2248,133.0121475485507,-2.8773524179617977,0.38718163288359153,6.676910202698451,-1.1942124403634982
18.1754,76.0449,133.70095522853111,-2.6150838126777627,0.18163278797512208,7.910203272149268,1.7904752012722691
17.603,75.7122,134.36302097300066,-2.488154491000135,0.3526096826016996,6.884341904389802,-1.549485645993359
17.0197,75.2656,135.09765724354548,-2.2205114065509615,0.1938898654935314,7.836660807038811,1.296313483055695
16.5485,74.6454,135.8765522814036,-2.079879329197727,0.10726495180397362,8.356410289176159,0.6672907861457229
16.2217,74.0599,136.54708079683004,-2.007646910350195,0.1298300277674033,8.22101983339558,-0.2019160299163021
15.9357,73.4474,137.22306323003374,-1.9175039440703587,0.18584375415498183,7.8849374750701084,-0.497176171772199
15.6937,72.7776,137.93524020242194,-1.785945465048241,0.02310556854368054,8.861366588737917,1.3710484212842229
15.5437,72.0912,138.63783892146432,-1.8021882135137324,0.2322147486508262,7.606711508095042,-1.7857349389320294
15.3824,71.4066,139.3411843913438,-1.6394947281707306,0.13539216163388226,8.187647030196706,0.8259604234050278
15.3346,70.7119,140.03752692917988,-1.7346459421213067,0.106813991023677,8.359116053857939,0.2462423510619979
15.219,70.0127,140.74621868163646,-1.6620124957506264,0.03672044585099488,8.779677324894031,0.5934332798120926
15.1597,69.3644,141.39722511785655,-1.6367760498229131,0.30056135472970935,7.196631871621744,-2.4316894045838673
15.112,68.6425,142.1206993053712,-1.8522788959635421,0.08034895044341264,8.517906297339524,1.8262910391547558
14.9154,67.9626,142.8284531962118,-1.9080944795496584,0.18427261627553165,7.89436430234681,-0.8810152837904408
14.6899,67.3196,143.50984827250747,-2.0324332146449033,0.05719517868595786,8.656828927884252,1.1189758365770637
14.3927,66.7222,144.17709230582662,-2.072473716555884,0.3087392955692786,7.147564226584328,-2.261938100506064
14.0403,66.0797,144.90988969255775,-2.3269258452399586,0.30621355744735673,7.16271865531586,0.02068024396093012
13.4153,65.417,145.82082124322443,-2.5864748016323684,0.355193059648841,6.868841642106954,-0.3226115211333159
12.7529,65.0062,146.60026360799554,-2.8417900296944794,0.09092268673778023,8.454463879573318,2.034303380381418
12.1279,64.813,147.25444343036858,-2.8991679575345635,0.36343927588533387,6.819364344687997,-2.499464946738949
11.5379,64.6671,147.8622154353178,-3.13301425139001,0.35463300512634827,6.87220196924191,0.0869365882660684
10.8618,64.6613,148.53834031283674,2.9227799236804644,0.0399150466839843,8.760509719896094,2.7928387394698615
10.2727,64.7923,149.14183000620358,2.896965521365586,0.41127860471741895,6.5323283716954865,-3.6921613951179406
9.6033,64.9594,149.83177114137382,2.6013579791187893,0.1935539609430833,7.8386762343415,1.8934193021027375
8.9667,65.3412,150.5740856299836,2.440247891963476,0.45686072017208823,6.25883567896747,-2.1282631278459303
8.2634,65.9352,151.49466527890053,2.0458102798887396,0.04374638668584457,8.737521679884933,2.6925274785660362
7.8999,66.642,152.2894599001707,2.013678557912518,0.4304920668797537,6.417047598721478,-2.919589563219587
7.611,67.2511,152.9636008498244,1.7132263356921764,0.0994019724068413,8.403588165558952,2.9467733236765556
7.5093,67.9603,153.68005568440924,1.6489657016827801,0.002740055297624881,8.983559668214252,0.8095018341126312
7.4643,68.5348,154.25631539148583,1.6472942095653558,0.1214021099101857,8.271587340538886,-1.2355060035123029
7.4151,69.1767,154.90009815764222,1.5655317197704757,0.0885496784441379,8.468701929335172,0.3061818351757513
7.4188,69.8795,155.60290789718772,1.5014818264966039,0.07398944976324778,8.556063301420513,0.12430301854074663
7.4703,70.6213,156.34649346052257,1.4445535706326704,0.150177761342657,8.098933431944058,-0.6147643149852327
7.5704,71.41,157.1415203154149,1.327144593256989,0.13268858085326418,8.203868514880416,0.13198935644830173
7.7556,72.155,157.90919475161817,1.2254326744001578,0.10197596940652852,8.38814418356083,0.24004403428072615
8.0145,72.8746,158.67395181762018,1.1481001418074253,0.06535481640142125,8.607871101591472,0.2873159697357632
8.3228,73.56,159.42549825663775,1.097826568561241,0.07424577332367922,8.554525360057925,-0.07098129771366031
8.6812,74.2604,160.21227059982223,1.1565565486808493,0.13361576913193793,8.198305385208373,-0.4527611804549996
9.0012,74.9882,161.00731326534404,1.0543894221461618,0.003943482624349138,8.976339104253904,0.9786062469174399
9.3634,75.6261,161.74086984121257,1.0514247079857353,0.016168561217944966,8.902988632692331,-0.09999293029951531
9.7456,76.2946,162.51091470354203,1.0390323805025123,0.019126389994653915,8.885241660032076,-0.02304667367894521
10.1324,76.9521,163.27375183556956,1.0244046784117342,0.02437473741782979,8.853751575493021,-0.04128021987518865
10.5308,77.6072,164.0404842334764,1.005705927853804,0.031474926481349294,8.811150441111904,-0.05556193333869379
10.9418,78.2554,164.80800246778747,0.981629494711278,0.07877761677286632,8.527334299362803,-0.3697842332095953
11.3654,78.8892,165.5703274640981,1.0430381939143796,0.1482938711160533,8.11023677330368,-0.5471387243993254
11.7665,79.5773,166.36679643398958,0.9260647964339345,0.04944415352412167,8.70333507885527,0.7446596515020705
12.2354,80.2009,167.147017024592,0.9640112393998185,0.045952870459159065,8.724282777245046,0.026848430613195758
12.6657,80.8208,167.90162559862227,0.9999198031898153,0.020637662540343393,8.87617402475794,0.20128481538668738
13.1024,81.5008,168.7097758878631,1.0170897039165352,0.01061552408005072,8.936306855519696,0.07440798025110551
13.5524,82.2287,169.56554361920146,1.0075896381589116,0.08903351916053272,8.465798885036804,-0.5498080299744915
14.0511,83.0185,170.49961306522783,0.9246056064129533,0.0414740952673473,8.751155428395917,0.30549820955288626
14.6108,83.7606,171.42911642724434,0.8849167011591967,0.11607823586231196,8.303530584826127,-0.4815742060348151
15.2342,84.5223,172.41340015158403,0.7707706847189516,0.12716938712310388,8.236983677261376,-0.06760947673842146
15.9382,85.206,173.39475721708058,0.6454854742281904,0.0740682741493397,8.555590355103963,0.32465927952673973
16.7272,85.8002,174.38247916175933,0.5744375441752485,0.08068924583157347,8.51586452501056,-0.04021964917092443
17.5082,86.3057,175.31279698379652,0.5029839671527924,0.048789270951418794,8.707264374291487,0.20573598048654532
18.2445,86.7108,176.15318005121281,0.5421664972390466,0.13752429607831448,8.174854223530113,-0.6335326964621427
18.9004,87.1059,176.91888810262668,0.4354956686517409,0.01388990656679728,8.916660560599217,0.9687848204016802
19.612,87.437,177.70374590503422,0.425068296857395,0.007635823769031738,8.954185057385809,0.047810567304657894
20.2648,87.7325,178.420312782583,0.4304201119122366,0.016291557625142655,8.902250654249144,-0.07247670072934512
20.8875,88.0184,179.10550917778662,0.44194387990248923,0.2250904881187804,7.649457071287317,-1.828371532208021
21.5469,88.3304,179.8349969158604,0.2764418574380173,0.0608065909667768,8.635160454199339,1.351226801309632
22.2582,88.5322,180.5743688993707,0.3196128125094869,0.06219601269472258,8.626823923831665,-0.01127515047039489
22.9042,88.746,181.25482936111703,0.36307922977302276,0.20380878132081612,7.777147312075103,-1.2486788866115277
23.5746,89.0007,181.97198223882165,0.217462986881112,0.09980014178540379,8.401199149287578,0.8701796459492257
24.2684,89.154,182.68251677703918,0.288689791781516,0.02892302140609764,8.826461871563414,0.5985109792729617
24.9553,89.358,183.39906936408357,0.2684473648441504,0.1950047353087668,7.8299715881474,-1.3906729267788993
25.614,89.5392,184.0822378132965,0.132356497332171,0.11862490851383461,8.288250548916992,0.6708140009942943
26.3193,89.6331,184.7937610384972,0.21765320219076897,0.008574161936936435,8.948555028378381,0.9280153564560639
27.0283,89.7899,185.51989273454137,0.2116794628158692,0.17994083906715203,7.920354965597088,-1.4159966689000418
27.6807,89.9301,186.18718712234934,0.08720459839127534,0.1290816014083274,8.225510391550035,0.4573025512103696
28.3933,89.9924,186.90250526835152,0.18001450844839956,0.01221592026834788,8.926704478389913,0.9802548568895747
29.1038,90.1217,187.62467473599744,0.17138461314722106,0.01661309575137512,8.900321425491748,-0.03653304948513884
29.7844,90.2395,188.3153940711836,0.1597515882187144,0.005006514369791606,8.96996091378125,0.10082168652587994
30.4851,90.3524,189.02513127607003,0.15631227374654522,0.1620123146166934,8.02792611229984,-1.3273008586778856
31.1412,90.4558,189.6893291155727,0.04435949045315588,0.14278743510087913,8.143275389394725,0.17366704652525963
31.8576,90.4876,190.4064345471516,0.14723539533604554,0.003875508156786696,8.97674695105928,1.1622719965032557
32.573,90.5937,191.12965952597906,0.14449360169144088,0.007818726844267123,8.953087638934397,-0.03271362690381731
33.2575,90.6933,191.82136785323846,0.13905070502266276,0.006613064509775445,8.960321612941348,0.010458127684558246
33.9513,90.7904,192.5219296635022,0.1344249866321213,0.005475389254387422,8.967147664473675,0.00974368204535345
34.6434,90.884,193.22033024339885,0.13060636020615463,0.004309634854173609,8.974142190874959,0.01001506385106246
35.3339,90.9747,193.91676167577393,0.12758146858603295,0.0015877561630488297,8.990473463021708,0.023449935467520975
36.0355,91.0647,194.62411064198508,0.1286701437326456,0.15140128546530546,8.091592287208167,-1.2707747077490008
36.694,91.1499,195.28809956508547,0.023920878026599535,0.14952273575490743,8.102863585470555,0.01697512996114212
37.4129,91.1671,196.0072052944466,0.13166292050588943,0.0009196224794143174,8.994482265123514,1.2398992849703627
38.128,91.2618,196.72854855531483,0.13231281412234747,0.0018660062131557417,8.988803962721066,-0.007871845084700832
38.814,91.3531,197.4205974625461,0.1310136525769061,0.001822200154038223,8.98906679907577,0.0003797944797795654
39.5084,91.4446,198.12099992542014,0.12973959890076156,0.0020414148079262945,8.987751511152442,-0.0018779030529542445
40.2005,91.5349,198.8189658988028,0.12831406912828447,0.0011674002341734624,8.992995598594959,0.00751338552666318
40.8934,91.6243,199.51760942020695,0.1274986329549326,0.0014496420349940542,8.991302147790035,-0.0024239125577518914
41.5861,91.7131,200.21597804063603,0.1264862407648827,0.0008650220545259577,8.994809867672844,0.005022734098008659
42.2789,91.8012,200.91435719983252,0.12588206333863736,0.0009912211711942643,8.994052672972835,-0.0010842172049926296
42.9719,91.8889,201.61288442907988,0.1251897485443972,0.0006358176411995158,8.996185094152803,0.0030527388062829165
43.6648,91.9761,202.31124984202643,0.12474569583573131,0.00020341422755952736,8.998779514634643,0.003714989937564916
44.3578,92.063,203.0096770823314,0.12460362706276625,0.00040686101865124895,8.997558833888093,-0.0017477564964643677
45.0508,92.1498,203.70809188744366,0.12431947435355291,0.0012711544494637453,8.992373073303218,-0.007425043894996784
45.7438,92.2364,204.40648186446222,0.12343163377501316,0.005950779556827005,8.964295322659037,-0.04020354181491183
46.437,92.3224,205.10499617354972,0.11927537995857207,0.012771824188481697,8.92336905486911,-0.05859045012748786
47.1304,92.4055,205.80335794942238,0.11035672615691712,0.019035235019993265,8.88578858988004,-0.05381231660640366
47.8244,92.4824,206.50160547716592,0.0970620807027018,0.02666388040352387,8.840016717578857,-0.06555250177411837
48.5197,92.5501,207.20019361047483,0.07844196245314801,0.03303959297925145,8.801762442124492,-0.054759412063259315
49.2156,92.6048,207.89824009889804,0.05531670718585816,0.041668735681140996,8.749987585913154,-0.0741710717982265
49.9163,92.6436,208.60001351674742,0.02624523440543906,0.038415417549347,8.769507494703918,0.027815115668792325
50.6096,92.6618,209.29355236209065,-0.0009679200517035179,0.10177538079327687,8.389347715240339,-0.5481448977460534
51.3328,92.6611,210.0167527008627,0.07114310092627758,0.22402393072863339,7.655856415628199,-1.014229751133092
52.0246,92.7104,210.71030711833836,-0.08413824053118525,0.057819226853875416,8.653084638876747,1.4378514477323396
52.7135,92.6523,211.4016527771806,-0.12495750781521524,0.07781861448878169,8.53308831306731,-0.1735692186313698
53.4284,92.5625,212.1221706811913,-0.18097318083738995,0.04008654198156289,8.759480748110622,0.3142079243043327
54.1356,92.4331,212.84111170798002,-0.15337745835915795,0.062378126161461114,8.625731243031233,-0.18603682373894764
54.7857,92.3326,213.4989340700201,-0.11142872674281339,0.11701917072761206,8.297884975634327,-0.4983811532039767
55.4685,92.2562,214.18599505712388,-0.19128730706919253,0.030868121583183732,8.814791270500898,0.752344121655834
56.1336,92.1274,214.8634516609001,-0.17021640349560646,0.14036634050716065,8.157801956957035,-0.9697880423361851
56.8114,92.0109,215.55119077568128,-0.26766739659449035,0.008322761694818862,8.950063429831086,1.1519796618316909
57.4867,91.8257,216.25142582907407,-0.2734109078268988,0.04760008157409571,8.714399510555426,-0.3365497315991519
58.1414,91.6421,216.93138248210423,-0.30750003722502195,0.1810467836725002,7.913719297964999,-1.177545964176207
58.8584,91.4144,217.68366985405726,-0.4436168994185674,0.09224790831340691,8.446512550119559,0.7082310191800284
59.536,91.0924,218.43388699595684,-0.513306431183473,0.13471066495817524,8.191736010250949,-0.33960373022603096
60.1984,90.719,219.1942824983107,-0.6197814606585174,0.1940989336019435,7.835406398388339,-0.46861088835949116
60.8656,90.2429,220.0139330641008,-0.7786344788186151,0.008551015877686457,8.948693904733881,1.358246492848343
61.4461,89.6702,220.82938725656044,-0.7717392647943516,0.0880850730827321,8.471489561503608,-0.585200674229033
62.0175,89.1142,221.62665381173505,-0.8414462014848768,0.09168862280153091,8.449868263190815,-0.02711928422490686
62.5407,88.5288,222.41178526569675,-0.913092797121382,0.16086942619529776,8.034783442828214,-0.5286819401618975
63.0159,87.9136,223.1891436643778,-1.0376772666263345,0.0129751425495898,8.92214914470246,1.1415142659805777
63.4075,87.25,223.9596730408457,-1.0475840612601155,0.10502188795317169,8.369868672280969,-0.7167545966295885
63.7855,86.5947,224.7161795444529,-1.1257782055749275,0.09411931606819393,8.435284103590837,0.08647041499042196
64.1007,85.9338,225.44839525720428,-1.1948153776558064,0.07284437816097239,8.562933731034166,0.1743333627240411
64.3704,85.2506,226.18290211898298,-1.2481799717487936,0.0560764347719387,8.663541391368367,0.13697307073560613
64.602,84.5578,226.9133885322721,-1.289261885407523,0.04866552529661016,8.70800684822034,0.06087102517315743
64.8061,83.8521,227.64801040779722,-1.32481609487797,0.03587698686831473,8.784738078790111,0.10444996688251951
64.983,83.1475,228.37447772984274,-1.351425143909544,0.10163424400570621,8.390194535965763,-0.5430988164938061
65.1477,82.4088,229.1313157442157,-1.276757226888411,0.18127567988283202,7.912345920703007,-0.6313750184161318
65.3541,81.7272,229.84348111826867,-1.4061538735943806,0.018551315497339946,8.88869210701596,1.3709543062400131
65.4712,81.0224,230.55794276874403,-1.4197466406589128,0.10943005285636723,8.343419682861796,-0.7631934111388256
65.5842,80.28,231.30889333968727,-1.3394736651710237,0.02692635775040503,8.838441853497569,0.6591940798633265
65.7483,79.5833,232.0246584547914,-1.3586035160196015,0.1634906197398763,8.019056281560742,-1.144768800052004
65.8968,78.894,232.7297731546807,-1.4771690892530853,0.11298607677516571,8.322083539349006,0.4297559784753327
65.9664,78.1528,233.4742337647871,-1.3953985581768291,0.022945409493894963,8.86232754303663,0.7256851421734724
66.089,77.461,234.17681329765153,-1.4116544816208936,0.020866956972667754,8.874798258163993,0.01774989811690154
66.2022,76.7557,234.8911397846307,-1.426592994124819,0.028843557076830402,8.826938657539017,-0.06699961641821706
66.3053,76.0457,235.60858637497734,-1.4468562400426417,0.1337008575689388,8.197794854586368,-0.8769207511999934
66.3903,75.3634,236.29616058188157,-1.3537114831932169,0.16955550842678346,7.982666949439299,-0.3128795451994515
66.5422,74.6747,237.00141323164618,-1.4738028128843215,0.1371166420105559,8.177300147936664,0.275976557567456
66.611,73.9676,237.7118524267924,-1.3773152474999877,0.1669450973463533,7.99832941592188,-0.2519156223889771
66.7449,73.2842,238.40824654652636,-1.4957256566377657,0.13382761976021074,8.197034281438736,0.28533392210831443
66.799,72.5649,239.1295781623592,-1.4028352030531184,0.024761082720107686,8.851433503679354,0.907209954307991
66.9104,71.9079,239.79595565297544,-1.4198628328105314,0.014371523685434517,8.913770857887393,0.09354660847020958
67.017,71.207,240.5049157153203,-1.4299055766587287,0.021520327636734997,8.87087803417959,-0.06050104369199054
67.1137,70.5252,241.19353907391337,-1.4451459961850486,0.18420510286165512,7.894769382830069,-1.4174782762870608
67.2049,69.8032,241.92127627922858,-1.575595591867202,0.3129614115949011,7.122231530430593,-1.0615615729923602
67.2016,69.1156,242.60888419803115,-1.3627466799703782,0.18600993082309872,7.883940415061407,1.1077663066435988
67.34,68.46,243.27893339025513,-1.493079256222471,0.018733912852307275,8.887596522886156,1.497884214282054
67.3967,67.7319,244.00923777884935,-1.5063648086127592,0.006521595364045076,8.96087042781573,0.10033337615650928
67.441,67.0453,244.69726543090994,-1.510924386978241,0.013921555945856067,8.916470664324864,-0.06453194629298989
67.4835,66.3363,245.4075380898234,-1.5204921028280602,0.1564326249428458,8.061404250342925,-1.203856579936479
67.5169,65.6729,246.0717783475615,-1.4140301775405317,0.16093930618030422,8.034364162918175,-0.040708293587666124
67.6256,64.9852,246.76801607994892,-1.5293404235626218,0.026892459186458013,8.838645244881253,1.1551816923296607
67.6561,64.2499,247.5039483730303,-1.5480417394815271,0.15744491161562726,8.055330530306236,-1.064384212975943
67.671,63.5952,248.15881790202062,-1.4408070451727755,0.14850133284111586,8.108992002953304,0.08194223470712537
67.7626,62.8945,248.8654798084511,-1.5451462276216201,0.17211240253468046,7.967325584791917,-0.2004726968756176
67.7805,62.1968,249.56340938942614,-1.4258938055103065,0.14936087720375538,8.103834736777468,0.19559158360195042
67.8797,61.517,250.25040915652946,-1.5321655821546358,0.007803236933148401,8.95318057840111,1.2363116878552165
67.9081,60.7822,250.9857577813327,-1.5375970730459283,0.17795865986730738,7.932248040796155,-1.3883653319922011
67.9299,60.1258,251.64251968643987,-1.4161268642511495,0.12410390320278336,8.2553765807833,0.49200256207676235
68.0389,59.4267,252.35006601707838,-1.503302281548337,0.19598388168040975,7.824096709917542,-0.6095429404270407
68.0859,58.7314,253.046952729536,-1.366618443339851,0.11615611395927279,8.303063316244364,0.6872947894754781
68.2272,58.049,253.74382822056722,-1.4484789114975822,0.04921201173680773,8.704727929579153,0.5763793080746961
68.3141,57.3421,254.45604954852644,-1.4137700869410716,0.05653713294086496,8.66077720235481,-0.06170936687655681
68.4233,56.6524,255.15434084161265,-1.3743591070315804,0.20186692857956182,7.788798428522629,-1.2487321300804513
68.5591,55.97,255.85012198536404,-1.2304682953463104,0.04880093688366767,8.707194378697993,1.3199494674772583
68.8023,55.2832,256.5787099896573,-1.2646334515412123,0.07342394378706142,8.55945633727763,-0.2027730906215974
69.0047,54.6429,257.25023798609527,-1.3150196200678412,0.09249699667917012,8.44501801992498,-0.1704148121294575
69.182,53.9649,257.9510370229097,-1.2501267556723656,0.02991309594591399,8.820521424324516,0.5358218043598258
69.4033,53.2986,258.6531263192246,-1.2706387486926691,0.002613619443376079,8.984318283339743,0.23329918270361785
69.6012,52.6592,259.3224519275798,-1.2687466560680032,0.24417189109554702,7.534968653426718,-2.165387984294712
69.8328,51.9159,260.1009976552028,-1.0854332363986097,0.13872421323532352,8.16765472058806,0.8126511323785883
70.1691,51.2783,260.82185232155376,-1.1866937475011015,0.09337362326707141,8.439758260397571,0.37747350819953435
70.4458,50.5937,261.5602560390417,-1.114042518963052,0.017590081052185465,8.894459513686888,0.6157894963424954
70.8063,49.8601,262.377647750524,-1.1001867676167025,0.20950187606364282,7.7429887436181435,-1.4087135383115479
71.15,49.1845,263.1356484431358,-1.2763351335057507,0.06217274296772921,8.626963542193625,1.1661926000748333
71.4174,48.3028,264.057004861684,-1.2227495363012661,0.19257068943529163,7.8445758633882505,-0.8491694018240917
71.691,47.5487,264.85920419476776,-1.3735294041616248,0.18300900748807042,7.901945955071577,0.07151600520881511
71.8404,46.8012,265.62148800674333,-1.2440929139952601,0.29162866781559005,7.25022799310646,-0.8549544824729879
72.0494,46.1844,266.2727354558746,-1.4399500186920495,0.011725961582941757,8.92964423050235,2.5787682387640687
72.1394,45.5005,266.96253195485093,-1.4324368805330312,0.03184432821294833,8.80893403072231,-0.1749939293098453
72.221,44.9145,267.5541860429801,-1.453413909547407,0.2130799439503237,7.721520336298058,-1.837921373724731
72.306,44.1937,268.2799805317991,-1.608168542752768,0.0428647213247639,8.742811672051417,1.4071356995493847
72.2789,43.4689,269.0052869842728,-1.6400146842244387,0.13201399275762557,8.207916043454247,-0.7374753482102142
72.2263,42.7102,269.76580815426087,-1.7392661477609401,0.09588838340331557,8.424669699580107,0.2850067357484093
72.1018,41.9782,270.50832027537405,-1.80860294641963,0.2105494913114854,7.736703052131087,-0.9265392818336965
71.9361,41.2946,271.2117159321704,-1.9581750023548008,0.11044335617762846,8.337339862934229,0.8539103205992924
71.6656,40.6316,271.92777406528535,-1.8768610730374595,0.0017081604444609594,8.989751037333233,0.9111148162802759
71.4378,39.9107,272.68380954725694,-1.8781248042645409,0.023911900372447423,8.856528597765315,-0.17621188786073866
71.2189,39.221,273.4074139281171,-1.8606337209601558,0.057570337790364606,8.654577973257812,-0.27908983119677605
71.0076,38.5125,274.14675142885676,-1.8189188814191768,0.06280765034083936,8.623154097954965,-0.04250274775918828
70.8333,37.8245,274.85648693592964,-1.862728406408072,0.11944151172494633,8.283350929650322,-0.4787743672372739
70.6361,37.1683,275.5416776247163,-1.7780814090428645,0.17975251090747632,7.921484934555142,-0.5281245075527194
70.4855,36.4522,276.2734423205032,-1.6541689389913081,0.14517949249852463,8.128923045008852,0.28347652141191687
70.4317,35.8084,276.919486343771,-1.7509364565923011,0.3528290062243691,6.883025962653786,-1.9285018318923919
70.3087,35.133,277.6059950181517,-1.5080234316698857,0.10731198656810459,8.356128080591372,2.14578806198834
70.3518,34.4473,278.2930482184208,-1.5791098607502418,0.2716258058534619,7.370245164879229,-1.4349440703078493
70.3465,33.8098,278.93057024941265,-1.3968496734676668,0.15776444573898935,8.053413325566064,1.0715992977120221
70.4681,33.1178,279.63317295364885,-1.2919920494776844,0.037898694625283884,8.772607832248296,1.0236147716853299
70.6404,32.5159,280.25924874778246,-1.2663228583805841,0.2693856419175353,7.383686148494789,-2.2184561306599466
70.8588,31.8209,280.9877565102668,-1.0687388206374513,0.018703819345213254,8.88777708392872,2.0646189551977923
71.213,31.1757,281.7237868629018,-1.0829019906925264,0.055094898919655716,8.669430606482067,-0.2966541755580732
71.5779,30.4881,282.5022120487739,-1.0373837188576776,0.02812755072762268,8.831234695634263,0.2078608093479432
72.0222,29.7357,283.3760016401516,-1.0629356431289887,0.04951347057476609,8.702919176551404,-0.14684944790947027
72.4808,28.9117,284.3190233578231,-1.1096592520487918,0.020329410457813026,8.878023537253123,0.18568433517532607
72.9009,28.0662,285.263138954559,-1.0917225538457895,0.15729155790374216,8.056250652577546,-0.8704155375853224
73.2791,27.3381,286.08360519396194,-1.21147490388466,0.12834103561159932,8.229953786330404,0.21171271334608616
73.5257,26.6816,286.78489244609193,-1.1219047030375173,0.44263477643692545,6.344191341378448,-2.689001460135512
73.8269,26.0563,287.4789540643939,-1.438172276867497,0.04561128198870682,8.726332308067759,3.4321750459522447
73.9233,25.3337,288.2079559299608,-1.4689272281282792,0.24727601054721823,7.516343936716691,-1.6597877570726898
73.9863,24.7174,288.8274675844113,-1.6222938150895807,0.0482126868754453,8.710723878747329,1.9279378094832722
73.9544,24.0985,289.44718915092324,-1.6533924173103114,0.36641745563787376,6.801495266172758,-3.080784526058255
73.8991,23.4305,290.11747423206407,-1.902846314676411,0.06600161338601328,8.60399031968392,2.6891469081234747
73.6749,22.7803,290.80524285594856,-1.9473716858002128,0.11700816489632111,8.297951010622073,-0.44497422306552253
73.4317,22.1653,291.46658334314105,-2.032993610489177,0.18985124117254262,7.860892552964744,-0.6608675351371902
73.0742,21.4477,292.26830399898074,-2.190639011075323,0.10907771015023947,8.345533739098563,0.6045013092823796
72.5762,20.7499,293.1255839065955,-2.289049808648098,0.06566380491253308,8.606017170524801,0.3038487536130215
71.9534,20.0373,294.0719868863034,-2.3489424013760107,0.1413715702870464,8.151770578277722,-0.4799716420876866
71.3374,19.4123,294.94952947786237,-2.4731291932826487,0.014244100066804788,8.91453539959917,0.8692054706614314
70.6482,18.868,295.8277430794423,-2.48529459565388,0.036526935468392446,8.780838387189645,-0.1522374649732126
69.9907,18.3616,296.6576510321696,-2.4554945405798616,0.12333409989358249,8.259995400638505,-0.6275912706216539
69.3704,17.8537,297.4593582730001,-2.5562898634945665,0.10209280582161386,8.387443165070318,0.15897045447636526
68.6768,17.394,298.2914670699732,-2.47193776930866,0.059769762106350766,8.641381427361896,0.30517435125708314
68.034,16.8851,299.111327454429,-2.424437653318673,0.11253073418785757,8.324815594872854,-0.38612163545280487
67.4541,16.3794,299.8807535392481,-2.5154917550758444,0.12268390411154804,8.263896575330712,-0.0791746221555069
66.7667,15.8823,300.72906195603997,-2.4106710140617897,0.017581563422013627,8.894510619467919,0.743378270985502
66.1266,15.3084,301.58876493963373,-2.3948038312124873,0.11122144896182984,8.33267130622902,-0.6535272343597979
65.4329,14.6663,302.5340226293671,-2.2943498742108894,0.10988249552924594,8.340705026824525,0.00849897407104994
64.8633,14.0215,303.3943779048202,-2.3851408264553804,0.1259826777970063,8.244103933217962,-0.11228046873506538
64.2876,13.4782,304.1859620001632,-2.2840256351251456,0.012166296616130775,8.927002220303216,0.8626983426054528
63.7557,12.8634,304.99891750325054,-2.293747593622339,0.1887184202159123,7.867689478704526,-1.3030390194491415
63.2362,12.2746,305.78413447326585,-2.1443203041393644,0.039752932746270474,8.761482403522377,1.1382750996841307
62.8038,11.6052,306.5810448320892,-2.1756085686558375,0.16367361302275416,8.017958321863475,-0.9330084286477468
62.3619,10.9659,307.3582063983031,-2.050381684570042,0.030603633332159184,8.816378200007044,1.0273537869780047
62.0149,10.2987,308.1102468493428,-2.026124213641557,0.08540604418409316,8.48756373489544,-0.4372297589272149
61.6485,9.5504,308.9434346132952,-2.093745961644695,0.13855717386783525,8.168656956792988,-0.38275499461206924
61.2739,8.9006,309.69347807870236,-1.986511235370302,0.10086627097188917,8.394802374168664,0.30150974950887377
60.952,8.1714,310.4905679418922,-2.064987695709269,0.11992284173168306,8.280462949609902,-0.14344609038332334
60.5922,7.5036,311.2491276824532,-1.9718215141531668,0.11135618864205886,8.331862868147647,0.06775988203609683
60.282,6.772,312.04377389304005,-2.058400260838286,0.11689895192298909,8.298606288462066,-0.0418508000699091
59.926,6.1007,312.803628938427,-1.9676355299806418,0.11243077668142455,8.325415339911453,0.03528179698502303
59.6197,5.3698,313.5961152159107,-2.0554015655940736,0.1149348000083924,8.310391199949645,-0.018958233585460154
59.2618,4.69,314.36437327802264,-1.967246019805705,0.015491618072050161,8.9070502915677,0.7766388939386182
58.9663,3.9841,315.12962817673287,-1.9795289545458052,0.11420509786210857,8.31476941282735,-0.7739654848843068
58.6402,3.2312,315.9501156050339,-2.069454853771605,0.11527962865952067,8.308322228042876,-0.007857749627954375
58.2797,2.5692,316.7039088459163,-1.9800922083170758,0.11279182465200453,8.323249052087974,0.019802278974568408
57.9629,1.8389,317.49996181525944,-2.067808127709307,0.11520625166228445,8.308762490026293,-0.018197987595768125
57.6011,1.1719,318.2587689317258,-1.9782991594995598,0.11349045292706507,8.31905728243761,0.013567074145611896
57.2862,0.4424,319.0533331267409,-2.0664951945071435,0.11548125268620385,8.307112483882777,-0.015033144747487513
56.9251,-0.2254,319.8125103458406,-1.976762546109513,0.11379514204752937,8.317229147714825,0.013325826404596054
56.6114,-0.9552,320.606875331222,-2.065192593866186,0.11502808064180159,8.30983151614919,-0.009312635503543651
56.2511,-1.6236,321.3662004592139,-1.9758038212964029,0.11401190595594389,8.315928564264336,0.008029561896983499
55.9381,-2.3537,322.160564991403,-2.0644166970629927,0.11478937388242329,8.31126375670546,-0.0058723764340553875
55.5782,-3.0226,322.92014067558466,-1.9752413964769462,0.11437302742287858,8.313761835462728,0.003288781894012021
55.2659,-3.7522,323.7137699656187,-2.0642849459562562,0.11397851287325339,8.31612892276048,0.0029826108076870463
54.9045,-4.4241,324.4766982518947,-1.9760056741998224,0.004487141904110311,8.973077148575339,0.8610877819481453
54.5948,-5.1461,325.2623178099506,-1.9795626627277276,0.1149679837281622,8.310192097631028,-0.8437736104542208
54.2769,-5.88,326.06211129579555,-2.0692074082022236,0.11379326770539241,8.317240393767646,0.008812645090716683
53.914,-6.5468,326.82126783433023,-1.9807781368788988,0.11489711879466599,8.310617287232004,-0.008724296241228157
53.5973,-7.2755,327.6158133522208,-2.070079992134268,0.11360645952330706,8.318361242860158,0.009746396466640717
53.2337,-7.9422,328.375216966908,-1.9817869085936877,0.11494208071742001,8.31034751569548,-0.010552658704396275
52.9163,-8.6705,329.1696750526495,-2.071130660967675,0.11357913918432405,8.318525164894055,0.010293367699748656
52.5519,-9.337,329.9292865388712,-1.9826683428009018,0.001613557663240023,8.99031865402056,0.8843909041817863
52.2326,-10.0679,330.7268875042668,-1.9813893816173573,0.11512799016495666,8.30923205901026,-0.8539189702115024
51.9182,-10.7901,331.51455507374015,-2.0706455346928787,0.11272226530598103,8.323666408164113,0.018325432851710677
51.5528,-11.4592,332.2769276663745,-1.9829181785225785,0.11613415520284,8.30319506878296,-0.02685214497338569
51.2349,-12.1864,333.07057762069945,-2.0731377121579375,0.11231953086959988,8.326082814782401,0.02883859045756249
50.8692,-12.8521,333.8301123335336,-1.985814474682135,0.11639535065980557,8.301627896041166,-0.03219723645017308
50.5487,-13.5795,334.6249903178809,-2.076162753525974,0.11293626944052826,8.32238238335683,0.026110280727809885
50.1822,-14.2419,335.38202136744223,-1.9877639177714537,0.006539657192592388,8.960762056844446,0.8432674906234098
49.855,-14.9806,336.18994310251315,-1.9825805943977264,0.11635052049895575,8.301896877006266,-0.8155061947681661
49.5439,-15.6929,336.96721686380965,-2.0723338311493826,0.11113780930091144,8.333173144194532,0.04023841887586324
49.1761,-16.3637,337.73223286364237,-1.985741937606388,0.11787783525931951,8.292732988444083,-0.05286184309778143
48.8565,-17.0892,338.52500925708506,-2.077294184605834,0.11054269837852136,8.336743809728873,0.05551479792892064
48.4878,-17.7538,339.2850308686199,-1.9913870465948877,0.11867643494080027,8.287941390355199,-0.0642118837583026
48.1637,-18.4784,340.0788104161015,-2.0836087625334936,0.1098520767494611,8.340887539503234,0.06670132698180224
47.7909,-19.1405,340.8386500373374,-1.998258091617428,0.11913388921918398,8.285196664684896,-0.07329293348476941
47.4619,-19.8627,341.6322581522153,-2.090839960382665,0.10895463509080541,8.346272189455167,0.07695929971642053
47.0842,-20.5223,342.3923433119178,-2.006160226850912,0.11975326946987644,8.28148038318074,-0.08524282502737753
46.7494,-21.2421,343.18619662330474,-2.0992024941767795,0.10848747709929404,8.349075137404236,0.0851476629925495
46.3665,-21.898,343.9456814618631,-2.014708918363109,0.12051904993345582,8.276885700399266,-0.09505053075450318
46.0239,-22.6184,344.74339752663803,-2.10803963867389,0.0005939834222518992,8.99643609946649,0.9020131734093112
45.6398,-23.2632,345.4939305705475,-2.108490551231964,0.10712707734574352,8.357237535925538,-0.851659455540326
45.2466,-23.9226,346.261663987822,-2.0248586640967927,0.121631963401269,8.270208219592385,-0.11335877060310054
44.8987,-24.6354,347.0548337363626,-2.1195135520229904,0.10506514981416483,8.36960910111501,0.12532106992925238
44.5009,-25.2861,347.81749705002073,-2.037894538686174,0.009985874617505988,8.940084752294965,0.7480045794305225
44.1449,-25.992,348.60808595077765,-2.0458102798887428,0.010287903616178517,8.938272578302929,-0.0022921824355250217
43.7814,-26.6988,349.4028805720478,-2.0539841382672877,0.011059104832210825,8.933645371006735,-0.00582189055179929
43.4124,-27.4021,350.1971046525188,-2.0627680025839945,0.011760776827254588,8.929435339036473,-0.005300811287118027
43.0372,-28.1022,350.991406263999,-2.0721045008561867,0.012505071992917281,8.924969568042496,-0.0056222610270872785
42.6559,-28.798,351.784833847336,-2.0820430712224938,0.08518964668715481,8.488862119877071,-0.5496499709919827
42.2664,-29.4923,352.58092601536686,-2.0124436406270334,0.1134900369043145,8.319059778574113,-0.21329482705874372
41.9084,-30.2495,353.4184914396771,-2.1049345026415724,0.08124143327340977,8.512551400359541,0.2310167255826899
41.5053,-30.931,354.21028172756905,-2.0382321950600284,0.014485987658703679,8.913084074047777,0.5058570177143807
41.1223,-31.6898,355.0602619861633,-2.050471959236572,0.014172120262890641,8.914967278422656,0.0022155860160724705
40.7347,-32.4349,355.90014755575004,-2.062191689966638,0.1211874231681062,8.272875460991363,-0.7644991659366644
40.3506,-33.1526,356.71416604448353,-2.1597063711097215,0.07490999531945888,8.550540028083248,0.3411035141522319
39.9092,-33.8134,357.5088298727782,-2.097829397619489,0.024750636840800404,8.851496178955198,0.3787213412214682
39.4781,-34.5542,358.3659365464193,-2.1187724617398427,0.0315868337023075,8.810478997786156,-0.04785539820241784
39.043,-35.2671,359.2011242019794,-2.144722123645041,0.13909212143051564,8.165447271416905,-0.7723195165482544
38.6044,-35.9455,360.00895866522046,-2.256718911610987,0.0393950495559771,8.763629702664137,0.7404764942155209
38.0966,-36.5659,360.81067993848194,-2.224063252076866,0.09013001331827034,8.459219920090378,-0.37969527905301875
37.5763,-37.2457,361.6667407599193,-2.3003205038791377,0.11320275910587961,8.320783445364722,-0.1617133634187496
37.0193,-37.8687,362.50243089388044,-2.3960608110815014,0.007783631099512601,8.953298213402924,0.7568771513911731
36.391,-38.4488,363.35757819113394,-2.4029838272509476,0.1559946763991615,8.06403194160503,-1.0398983597960016
35.708,-39.0707,364.28129276284966,-2.549639797556013,0.023091694926273564,8.861449830442359,0.8632730426198574
34.9156,-39.6035,365.23616113074127,-2.5697188246596183,0.17331815330594874,7.960091080164307,-0.9439612627113131
34.2562,-40.0279,366.0203318519493,-2.7022791826032475,0.027034844492641614,8.83779093304415,1.1192713896888422
33.5825,-40.3445,366.76471565752274,-2.721319898356649,0.14971685162163093,8.101698890270214,-0.9888609038275672
32.9761,-40.6155,367.428915898414,-2.8239609870751345,0.2624890531670698,7.425065680997582,-1.018718705016859
32.3051,-40.8361,368.13524822812855,-3.0085298642132057,0.12301282116390073,8.261923073016595,1.1847927056619678
31.6133,-40.9287,368.83321814152026,-3.091641906285389,0.12245460710601229,8.265272357363926,0.0047986084830734105
30.9612,-40.9613,369.48613250803396,3.1116568816700996,0.13034145779118123,8.217951253252913,-0.07247673896913782
30.31,-40.9418,370.13762440360904,3.026622416858175,0.150727933803613,8.095632397178322,-0.18775192278734157
29.6614,-40.8669,370.7905347879651,2.927155797693015,0.1596127255786757,8.042323646527946,-0.0816478829678181
29.0103,-40.7251,371.45689688922835,2.818476601634931,0.18011706985494172,7.919297580870349,-0.18462344335665437
28.3515,-40.5045,372.1516499388798,2.6925132974991977,0.091154688084361,8.453071871493833,0.7682935553737534
27.7182,-40.1993,372.85465486773876,2.6254323277591096,0.14253806355067536,8.144771618695948,-0.43854636026277977
27.0498,-39.82,373.6231775089147,2.5073296776576326,0.12936659555098115,8.223800426694114,0.10283211419411344
26.3348,-39.294,374.5108153855288,2.3908613316042144,0.13289500539012417,8.202629967659256,-0.02385033310612222
25.668,-38.6719,375.4227532397711,2.2730532583039014,0.028951389470834758,8.826291663174992,0.6838861799786992
25.1125,-38.0154,376.2827372512504,2.297053595789058,0.005854913063517834,8.964870521618893,0.16114120331786833
24.5826,-37.4188,377.0806881081332,2.292424344885348,0.18797256026646011,7.872164638401239,-1.369389949008071
24.0651,-36.8307,377.8640576633241,2.143531881484312,0.05343524081843647,8.679388555089382,1.0304509683062846
23.6319,-36.1589,378.66341833285946,2.1856018736967533,0.14117106174819824,8.15297362951081,-0.6585449417777297
23.1848,-35.5257,379.43855744940566,2.0771288999644635,0.009316264715346885,8.944102411707918,1.0206281237904151
22.8158,-34.8603,380.1994241657233,2.069854059942959,0.005236489790683345,8.9685810612559,0.03217205986674067
22.4325,-34.1571,381.0003043877291,2.074044912754647,0.02212380905897022,8.867257145646178,-0.12651569214177685
22.0468,-33.4565,381.80005738084634,2.091339292342696,0.060605851711364206,8.636364889731814,-0.288704459878798
21.667,-32.794,382.56370277630157,2.0425201960079407,0.14908465794909198,8.105492052305449,-0.6951823982516108
21.282,-32.0393,383.4109318421391,2.1636875582551514,0.1281388960082033,8.23116662395078,0.14833600110389603
20.8477,-31.3947,384.1881870447592,2.0584471895039775,0.14997283860950042,8.100162968342998,-0.16854651492350867
20.4426,-30.6309,385.0527658150283,2.1864588157411826,0.029551422828600196,8.822691463028399,0.8357000189358492
19.9567,-29.944,385.89415182632155,2.1612335744300117,0.053968915635899985,8.6761865061846,-0.17412335702921133
19.4747,-29.2248,386.75993045853653,2.2082193165302506,0.025709178934151602,8.84574492639509,0.19584500460203935
18.9538,-28.5214,387.635206626383,2.1850598141246507,0.04324386843624491,8.740536789382531,-0.12019993332094275
18.4199,-27.7644,388.561542531981,2.2252423789347615,0.03638043750516834,8.78171737496899,0.044455348581004646
17.8526,-27.025,389.4934983517493,2.259100146413968,0.031052384611088547,8.813685692333468,0.03430239576424006
17.2623,-26.3073,390.4227708521495,2.2879558309722245,0.035702516408081086,8.785784901551514,-0.030024337070061354
16.6516,-25.607,391.35195037194103,2.253721374984538,0.018986982367023612,8.886078105797859,0.10793738143178712
16.0278,-24.8402,392.3404384497649,2.27243796199388,0.013827976578393162,8.91703214052964,0.031314525107804324
15.3933,-24.0894,393.3234394111073,2.2860650133066662,0.005191351841106108,8.968851888953363,0.052715867493108165
14.7454,-23.3436,394.31136251034127,2.291142212924233,0.06297718853237544,8.622136868805747,-0.3509534501384353
14.1068,-22.616,395.2794594682954,2.350861613732741,0.06655549018608359,8.600667058883499,-0.022177334352563558
13.454,-21.9562,396.207621027508,2.286621781680701,0.015939029638962852,8.904365822166223,0.3272046340082783
12.7965,-21.2002,397.2095403106841,2.270952229149174,0.046037493350475904,8.723775039897145,-0.18024484137745278
12.1752,-20.4628,398.1737874003867,2.314207575112668,0.0189595833339891,8.886242499996065,0.16849152238460777
11.5561,-19.7894,399.0885290961675,2.29670744530645,0.01623968329623987,8.90256190022256,0.017840446436154192
10.9379,-19.0929,400.0198096607666,2.281574759396887,0.01744588784366241,8.895324672938026,-0.00777126417069576
10.3296,-18.3863,400.9521789277419,2.297657370201453,0.20459814114932717,7.772411153104037,-1.2043656516873948
9.724,-17.7053,401.8635034363556,2.4820691504267205,0.21704623836716236,7.697722569797026,-0.08195607887318583
9.0216,-17.1607,402.75229751824406,2.6867629201450662,0.14544642322509319,8.12732146064944,0.4833503053256367
8.1286,-16.724,403.7463578232558,2.812815048863993,0.42955863074392864,6.422648215536428,-1.7148589844284379
7.4301,-16.4857,404.48438840527797,3.0977325776980904,0.17162500275022263,7.970249983498665,2.0969344708207553
6.8468,-16.4601,405.06824990426554,-3.083775595730996,0.4735756630646664,6.158546021612001,-3.1029687092370204
6.2473,-16.4948,405.6687533097513,-2.7748502881756942,0.039238346750036485,8.764569919499781,4.339732088246326
5.5949,-16.7454,406.367628205566,-2.7427340821732846,0.04714327077915581,8.717140375325066,-0.06786557144741241
4.7305,-17.1097,407.3056590419461,-2.6975467926999808,0.13253634973374637,8.204781901597523,-0.5462064293160678
3.8466,-17.5302,408.28448459330855,-2.583872389220939,0.3827016754516175,6.703789947290295,-1.5334621702692453
3.2225,-17.9195,409.020049206378,-2.857270052317396,0.21062182377472805,7.736269057351632,1.4036552217389286
2.5614,-18.1127,409.7088013025636,-2.991076801885798,0.4004787518371055,6.5971274889773674,-1.6539210184375994
1.9871,-18.1998,410.289668671246,3.0543520692000183,0.1519327384371153,8.088403569377308,2.5673263137205877
1.3857,-18.1472,410.893364554949,2.957265771897,0.17616904347071669,7.9429857391757,-0.24087928065638214
0.7233,-18.0237,411.5671790769059,2.8109252197998393,0.23655382529434207,7.580677048233948,-0.5376979556473963
-0.2092,-17.7036,412.55308995523114,2.5789961990468733,0.2768925309521965,7.3386448142868215,-0.24549098632349808
-1.0302,-17.1859,413.5236847677044,2.314027635944403,0.12063743973904448,8.276175361565734,0.9659340182232041
-1.6647,-16.4955,414.461364035898,2.201943254908705,0.05488841865343991,8.67066948807936,0.4207132864029492
-2.2073,-15.7531,415.38091420853675,2.1535944184043148,0.11231477722722112,8.326111336636673,-0.37470293812673006
-2.6707,-15.0501,416.2229050398407,2.0583350031157046,0.015232731645603799,8.908603610126377,0.6918035824542293
-3.0706,-14.2959,417.0765663602717,2.0456781745385966,0.12197103696435663,8.26817377821386,-0.7502153565879883
-3.4401,-13.5772,417.8846876011756,1.9473081743671117,0.013189158050056106,8.920865051699664,0.8076650389188988
-3.7358,-12.8293,418.6889219575668,1.9368270740443305,0.010100771827793526,8.939395369033239,0.023040942215805153
-4.0168,-12.0962,419.4740312556903,1.9292108256001526,0.27826417558530664,7.33041494648816,-2.0493712485518425
-4.2704,-11.4192,420.19697105954674,1.7198258762843044,0.0904608312271342,8.457235012637195,1.5586637506167886
-4.3861,-10.6486,420.97620841106425,1.7870229937589672,0.19318077602133835,7.84091534387197,-0.7909267536585446
-4.5376,-9.9589,421.6823516968073,1.6487651119228102,0.23042127937388326,7.617472323756701,-0.31642730962193705
-4.594,-9.237,422.4064515310843,1.484181245566118,0.05051767743824939,8.696893935370504,1.490708270485335
-4.5332,-8.5368,423.1092862769528,1.5178887168584516,0.14246822341289495,8.14519065952263,-0.7849686986748937
-4.4998,-7.9061,423.74087004020197,1.4269889080317395,0.009989514678253819,8.940062911930477,1.2585381364438943
-4.4075,-7.2687,424.384918213866,1.4204702218961722,0.08768448885278411,8.473893066883296,-0.7238120751047404
-4.3085,-6.6151,425.04597340066965,1.3562439725948845,0.14475811516300574,8.131451309021966,-0.5180229498192311
-4.1374,-5.8299,425.8495990909011,1.2351375518731722,0.09301128111349309,8.441932313319041,0.3863502723608209
-3.8513,-5.0098,426.7181710338051,1.1532205424489548,0.20969629058126737,7.741822256512396,-0.8060472854624865
-3.4894,-4.1941,427.6105488125513,0.9717173348015845,0.02082803405576079,8.875031795665436,1.2698764650383827
-3.0178,-3.5034,428.4468938669398,0.9895791643171767,0.10292206331530108,8.382467620108194,-0.58894851230681
-2.5353,-2.7689,429.32569788377174,0.9013687115576546,0.08421881462519402,8.494687112248837,0.12769569777933776
-2.0173,-2.1143,430.1604584242862,0.9735481678236326,0.0840962954351013,8.495422227389392,0.0008806299589848817
-1.523,-1.3875,431.03941845181873,0.9014822826577424,0.08553213138698901,8.486807211678066,-0.009801373716061957
-1.0052,-0.733,431.87397647256984,0.9747787481446221,0.08463703315298954,8.492177801082063,0.006435249881324343
-0.5118,-0.0056,432.7529271651573,0.9022495153571648,0.08566449247212682,8.486013045167239,-0.00701376762862117
0.0055,0.6493,433.5874889064323,0.9756629319235746,0.08485986249570607,8.490840825025764,0.00578480850458018
0.4983,1.3772,434.46651692077546,0.9029425342485856,0.08533840956513294,8.487969542609202,-0.0032664287937484975
1.0151,2.0324,435.30100435627105,0.9760730974578246,0.08512503828910302,8.489249770265381,0.0015341485104797606
1.5076,2.7605,436.18002987353435,0.9031307382015421,0.08526546781255194,8.488407193124688,-0.0009585354738236119
2.0242,3.4157,437.014393463344,0.9762005508574539,0.08556929101076795,8.486584253935392,-0.0021848259099031177
2.5167,4.144,437.89358464846816,0.9028683137677065,0.08513327100547347,8.48920037396716,0.002975598568356761
3.0335,4.7991,438.72799357099956,0.9758209076259674,0.08554369756543659,8.48673781460738,-0.0029512620170797526
3.5262,5.5271,439.60704834176187,0.902511858091778,0.08469926072850366,8.491804435628978,0.005763714833382005
4.0433,6.1821,440.4415646148207,0.9750947714916656,0.08589807175254235,8.484611569484747,-0.008619204174254004
4.5365,6.9097,441.3205685966092,0.9014822826577427,0.0844623864881218,8.49322568107127,0.009799855023405224
5.0543,7.5642,442.1551266173603,0.9738642622393191,0.08605530213814103,8.483668187171155,-0.011452162297251501
5.5484,8.2912,443.0341395922361,0.9001161429687295,0.08436584036563001,8.49380495780622,0.011531992046529677
6.0671,8.945,443.86870782192136,0.972411617114081,0.08636831482647761,8.481790111041134,-0.014396482321902547
6.5622,9.6712,444.7476221806617,0.8983941895723326,0.08415832223488781,8.495050066590673,0.015086743569127134
7.0821,10.3242,445.58231075132744,0.9705187867583307,0.08664539336211288,8.480127639827323,-0.017877837660396738
7.5786,11.0495,446.4612716947146,0.8962611959329669,0.08381459925499139,8.497112404470052,0.019323685279207643
8.0999,11.7014,447.2959736175589,0.968087044702036,0.08654166384333836,8.48075001693997,-0.019602671423501184
8.5981,12.4254,448.1748247084725,0.8939048100358804,0.0835236899518717,8.49885786028877,0.020603994847381412
9.1212,13.0764,449.0099502140104,0.9654390748879896,0.08609598825625249,8.483424070462485,-0.01848080285410879
9.6205,13.7979,449.88736843812023,0.8915322972570341,0.08810430362296857,8.471374178262188,-0.013733350720543947
10.1476,14.4507,450.7264049391141,0.9664771797519834,0.0843242490556228,8.494054505666263,0.027031395388888407
10.6373,15.1599,451.5882464152569,0.9048645812144371,0.5306374358739898,5.816175384756061,-3.107159721408608
11.0075,15.6311,452.18747715545635,0.9048645812144371,0.5306374358739898,5.816175384756061,0.0
